{
  "id": "2536538",
  "name": "黑马头条移动duan",
  "font_family": "toutiao",
  "css_prefix_text": "toutiao-",
  "description": "",
  "glyphs": [
    {
      "icon_id": "21622950",
      "name": "箭头",
      "font_class": "jiantou",
      "unicode": "e616",
      "unicode_decimal": 58902
    },
    {
      "icon_id": "21481230",
      "name": "点赞",
      "font_class": "dianzan1",
      "unicode": "e615",
      "unicode_decimal": 58901
    },
    {
      "icon_id": "21481215",
      "name": "分享",
      "font_class": "fenxiang",
      "unicode": "e614",
      "unicode_decimal": 58900
    },
    {
      "icon_id": "21481192",
      "name": "更多",
      "font_class": "gengduo",
      "unicode": "e601",
      "unicode_decimal": 58881
    },
    {
      "icon_id": "21481193",
      "name": "删除",
      "font_class": "shanchu",
      "unicode": "e602",
      "unicode_decimal": 58882
    },
    {
      "icon_id": "21481194",
      "name": "手机",
      "font_class": "shouji",
      "unicode": "e603",
      "unicode_decimal": 58883
    },
    {
      "icon_id": "21481195",
      "name": "首页",
      "font_class": "shouye",
      "unicode": "e604",
      "unicode_decimal": 58884
    },
    {
      "icon_id": "21481196",
      "name": "点赞",
      "font_class": "dianzan",
      "unicode": "e605",
      "unicode_decimal": 58885
    },
    {
      "icon_id": "21481197",
      "name": "关闭",
      "font_class": "guanbi",
      "unicode": "e606",
      "unicode_decimal": 58886
    },
    {
      "icon_id": "21481198",
      "name": "评论",
      "font_class": "pinglun",
      "unicode": "e607",
      "unicode_decimal": 58887
    },
    {
      "icon_id": "21481199",
      "name": "点赞2",
      "font_class": "dianzan2",
      "unicode": "e608",
      "unicode_decimal": 58888
    },
    {
      "icon_id": "21481200",
      "name": "我的",
      "font_class": "wode",
      "unicode": "e609",
      "unicode_decimal": 58889
    },
    {
      "icon_id": "21481201",
      "name": "搜索",
      "font_class": "sousuo",
      "unicode": "e60a",
      "unicode_decimal": 58890
    },
    {
      "icon_id": "21481202",
      "name": "视频",
      "font_class": "shipin",
      "unicode": "e60b",
      "unicode_decimal": 58891
    },
    {
      "icon_id": "21481203",
      "name": "收藏",
      "font_class": "shoucang",
      "unicode": "e60c",
      "unicode_decimal": 58892
    },
    {
      "icon_id": "21481204",
      "name": "历史",
      "font_class": "lishi",
      "unicode": "e60d",
      "unicode_decimal": 58893
    },
    {
      "icon_id": "21481205",
      "name": "右箭头",
      "font_class": "youjiantou",
      "unicode": "e60e",
      "unicode_decimal": 58894
    },
    {
      "icon_id": "21481206",
      "name": "无网络",
      "font_class": "wuwangluo",
      "unicode": "e60f",
      "unicode_decimal": 58895
    },
    {
      "icon_id": "21481207",
      "name": "验证码",
      "font_class": "yanzhengma",
      "unicode": "e610",
      "unicode_decimal": 58896
    },
    {
      "icon_id": "21481208",
      "name": "作品",
      "font_class": "zuopin",
      "unicode": "e611",
      "unicode_decimal": 58897
    },
    {
      "icon_id": "21481209",
      "name": "阅读",
      "font_class": "yuedu",
      "unicode": "e612",
      "unicode_decimal": 58898
    },
    {
      "icon_id": "21481210",
      "name": "问答",
      "font_class": "wenda",
      "unicode": "e613",
      "unicode_decimal": 58899
    }
  ]
}
